Last tracked,Type,Reg Year,Emission Class,Livery,Branding,Name,Previous reg,Special features,,,,,
6260,FD02 UKS,2002,EURO III,402,9:25,VDL/DAF DB250 East Lancs Myllennium Lowlander,Arriva Interurban,,,,Flickr,Edit,
1607,GN04 UCX,2004,EURO III,145,9:33,Dennis Dart Plaxton Pointer,Arriva Journey Mark,,,,Flickr,Edit,
1609,GN04 UCZ,2004,EURO III,113,9:43,Dennis Dart Plaxton Pointer,Arriva Journey Mark,,,,Flickr,Edit,
1616,GN04 UDK,2004,EURO III,145,9:50,Dennis Dart Plaxton Pointer,Arriva Interurban,,,,Flickr,Edit,
6401,GN04 UDM,2004,EURO III,1,9:58,Volvo B7TL Alexander ALX400,Arriva Interurban,,,,Flickr,Edit,
6402,GN04 UDP,2004,EURO III,190,9:52,Volvo B7TL Alexander ALX400,Arriva Journey Mark,,,,Flickr,Edit,
6404,GN04 UDT,2004,EURO III,132,9:42,Volvo B7TL Alexander ALX400,Arriva Interurban,,,,Flickr,Edit,
6405,GN04 UDU,2004,EURO III,166,8/2/22 18:30,Volvo B7TL Alexander ALX400,Arriva Interurban,,,,Flickr,Edit,
6406,GN04 UDV,2004,EURO III,12,8/2/22 13:15,Volvo B7TL Alexander ALX400,Arriva Interurban,,,,Flickr,Edit,
6407,GN04 UDW,2004,EURO III,12,9:58,Volvo B7TL Alexander ALX400,Arriva Interurban,,,,Flickr,Edit,
6408,GN04 UDX,2004,EURO III,5,9:46,Volvo B7TL Alexander ALX400,Arriva Interurban,,,,Flickr,Edit,
6410,GN04 UDZ,2004,EURO III,191,7/29/22 14:15,Volvo B7TL Alexander ALX400,Arriva Interurban,,,,Flickr,Edit,
6411,GN04 UEA,2004,EURO III,132,9:42,Volvo B7TL Alexander ALX400,Arriva Interurban,,,,Flickr,Edit,
6412,GN04 UEB,2004,EURO III,5,8:22,Volvo B7TL Alexander ALX400,Arriva Interurban,,,,Flickr,Edit,
6413,GN04 UEC,2004,EURO III,191,8/2/22 17:30,Volvo B7TL Alexander ALX400,Arriva Interurban,,,,Flickr,Edit,
6417,GN04 UEG,2004,EURO III,132,9:18,Volvo B7TL Alexander ALX400,Arriva Interurban,,,,Flickr,Edit,
6418,GN04 UEH,2004,EURO III,140,9:47,Volvo B7TL Alexander ALX400,Arriva Interurban,,,,Flickr,Edit,
6419,GN04 UEJ,2004,EURO III,141,8/2/22 9:21,Volvo B7TL Alexander ALX400,Arriva Interurban,,,,Flickr,Edit,
6420,GN04 UEK,2004,EURO III,166,10:00,Volvo B7TL Alexander ALX400,Arriva Interurban,,,,Flickr,Edit,
6421,GN04 UEL,2004,EURO III,191,9:04,Volvo B7TL Alexander ALX400,Arriva Interurban,,,,Flickr,Edit,
6422,GN04 UEM,2004,EURO III,5,8:56,Volvo B7TL Alexander ALX400,Arriva Interurban,,,,Flickr,Edit,
6423,GN04 UEP,2004,EURO III,4,7/7/22 9:00,Volvo B7TL Alexander ALX400,Arriva Interurban,,,,Flickr,Edit,
6424,GN04 UER,2004,EURO III,101,5/31/22 17:44,Volvo B7TL Alexander ALX400,Arriva Interurban,,,,Flickr,Edit,
6425,GN04 UES,2004,EURO III,693,7/19/22 16:28,Volvo B7TL Alexander ALX400,Arriva Interurban,,,,Flickr,Edit,
6427,GN04 UEU,2004,EURO III,133,7/26/22 9:30,Volvo B7TL Alexander ALX400,Arriva Interurban,,,,Flickr,Edit,
6428,GN04 UEV,2004,EURO III,700,9:13,Volvo B7TL Alexander ALX400,Arriva Interurban,,,,Flickr,Edit,
6429,GN04 UEW,2004,EURO III,176,9:50,Volvo B7TL Alexander ALX400,Arriva Interurban,,,,Flickr,Edit,
6430,GN04 UEX,2004,EURO III,169,9:40,Volvo B7TL Alexander ALX400,Arriva Interurban,,,,Flickr,Edit,
6431,GN04 UEY,2004,EURO III,182,9:39,Volvo B7TL Alexander ALX400,Arriva Interurban,,,,Flickr,Edit,
6432,GN04 UEZ,2004,EURO III,6,10:30,Volvo B7TL Alexander ALX400,Arriva Interurban,,,,Flickr,Edit,
6436,GN04 UFD,2004,EURO III,334,7/5/22 17:05,Volvo B7TL Alexander ALX400,Arriva Interurban,,,,Flickr,Edit,
6437,GN04 UFE,2004,EURO III,191,7/21/22 10:04,Volvo B7TL Alexander ALX400,Arriva Interurban,,,,Flickr,Edit,
6438,GN04 UFG,2004,EURO III,12,7/27/22 14:26,Volvo B7TL Alexander ALX400,Arriva Interurban,,,,Flickr,Edit,
6439,GN04 UFH,2004,EURO III,5,10:25,Volvo B7TL Alexander ALX400,Arriva Interurban,,,,Flickr,Edit,
6440,GN04 UFJ,2004,EURO III,133,9:00,Volvo B7TL Alexander ALX400,Arriva Interurban,,,,Flickr,Edit,
6441,GN04 UFK,2004,EURO III,141,9:21,Volvo B7TL Alexander ALX400,Arriva Interurban,,,,Flickr,Edit,
6442,GN04 UFL,2004,EURO III,100,10:08,Volvo B7TL Alexander ALX400,Arriva Interurban,,,,Flickr,Edit,
6443,GN04 UFM,2004,EURO III,100,7/28/22 8:37,Volvo B7TL Alexander ALX400,Arriva Interurban,,,,Flickr,Edit,
6444,GN04 UFP,2004,EURO III,402,8/2/22 11:26,Volvo B7TL Alexander ALX400,Arriva Interurban,,,,Flickr,Edit,
6445,GN04 UFR,2004,EURO III,6,7/26/22 8:50,Volvo B7TL Alexander ALX400,Arriva Interurban,,,,Flickr,Edit,
6446,GN04 UFS,2004,EURO III,176,8/2/22 18:17,Volvo B7TL Alexander ALX400,Arriva Interurban,,,,Flickr,Edit,
6447,GN04 UFT,2004,EURO III,7,8:27,Volvo B7TL Alexander ALX400,Arriva Interurban,,,,Flickr,Edit,
6448,GN04 UFU,2004,EURO III,9,10:00,Volvo B7TL Alexander ALX400,Arriva Interurban,,,,Flickr,Edit,
6449,GN04 UFV,2004,EURO III,71,7/29/22 9:50,Volvo B7TL Alexander ALX400,Arriva Interurban,,,,Flickr,Edit,
6005,KL52 CWU,2002,EURO III,6,9:00,DAF DB250 Alexander ALX400,Arriva Interurban,,,,Flickr,Edit,
6007,KL52 CWW,2002,EURO III,6,8/2/22 16:30,DAF DB250 Alexander ALX400,Arriva Interurban,,,,Flickr,Edit,
6136,LF02 PSO,2002,EURO III,6X,9:30,Volvo B7TL Wright Eclipse Gemini,Arriva Interurban,,,,Flickr,Edit,
6132,LJ03 MHV,2003,EURO III,7,9:40,Volvo B7TL Wright Eclipse Gemini,Arriva Interurban,,,,Flickr,Edit,
6135,LJ03 MJK,2003,EURO III,6X,7:20,Volvo B7TL Wright Eclipse Gemini,Arriva Interurban,,,,Flickr,Edit,
6129,LJ51 DHC,2001,EURO III,7,7/22/22 20:25,Volvo B7TL Wright Eclipse Gemini,Arriva Interurban,,,,Flickr,Edit,
6124,LJ51 DHG,2001,EURO III,277,7/22/22 18:16,Volvo B7TL Wright Eclipse Gemini,Arriva Interurban,,,,Flickr,Edit,
6125,LJ51 DHK,2001,EURO III,771,7/22/22 15:50,Volvo B7TL Wright Eclipse Gemini,Arriva Interurban,,,,Flickr,Edit,
6126,LJ51 DHL,2001,EURO III,7,8/2/22 16:09,Volvo B7TL Wright Eclipse Gemini,Arriva Interurban,,,,Flickr,Edit,
6127,LJ51 DHN,2001,EURO III,6,10:00,Volvo B7TL Wright Eclipse Gemini,Arriva Interurban,,,,Flickr,Edit,
6152,UUI 2909,2001,EURO III,7,9:10,Volvo B7TL Wright Eclipse Gemini,Arriva Interurban,,LJ51 DGV,,Flickr,Edit,
6154,UUI 2949,2001,EURO III,12,7/10/22 17:28,Volvo B7TL Wright Eclipse Gemini,Arriva Interurban,,LJ51 DFZ,,Flickr,Edit,
6139,FJ06 ZPW,2006,EURO IV,89,8/2/22 7:30,Volvo B7TL Wright Eclipse Gemini,Arriva Sapphire old,,TUI 7932,power sockets,Flickr,Edit,
6138,FJ06 ZPX,2006,EURO IV,89,8:44,Volvo B7TL Wright Eclipse Gemini,Arriva Sapphire old,,TUI 7931,power sockets,Flickr,Edit,
6143,FJ56 OBC,2006,EURO IV,71,7:45,Volvo B7TL Wright Eclipse Gemini,Arriva Sapphire old,,TUI 7936,power sockets,Flickr,Edit,
6141,FJ56 OBD,2006,EURO IV,12,8/1/22 8:55,Volvo B7TL Wright Eclipse Gemini,Arriva Sapphire old,,TUI 7934,power sockets,Flickr,Edit,
6144,FJ56 OBE,2006,EURO IV,71,9:09,Volvo B7TL Wright Eclipse Gemini,Arriva Sapphire old,,TUI 7937,power sockets,Flickr,Edit,
1633,GN06 EEB,2006,EURO IV,349,9:59,Dennis Dart Plaxton Pointer,Arriva Interurban,,,,Flickr,Edit,
1634,GN06 EEF,2006,EURO IV,X2,7/29/22 8:20,Dennis Dart Plaxton Pointer,Arriva Interurban,,,,Flickr,Edit,
1635,GN06 EEG,2006,EURO IV,347,9:45,Dennis Dart Plaxton Pointer,Arriva Interurban,,,,Flickr,Edit,
1636,GN06 EEH,2006,EURO IV,347,9:45,Dennis Dart Plaxton Pointer,Arriva Interurban,,,,Flickr,Edit,
3984,GN07 DLJ,2007,EURO IV,176,9:28,ADL Enviro200,Arriva Interurban,,,,Flickr,Edit,
3987,GN07 DLU,2007,EURO IV,132,8/2/22 12:42,ADL Enviro200,Arriva Interurban,,,,Flickr,Edit,
3988,GN07 DLV,2007,EURO IV,176,9:48,ADL Enviro200,Arriva Interurban,,,,Flickr,Edit,
3994,GN07 DMO,2007,EURO IV,85,8/2/22 10:27,ADL Enviro200,Arriva Journey Mark,,,,Flickr,Edit,
3995,GN07 DMU,2007,EURO IV,12,7/12/22 19:55,ADL Enviro200,Arriva Journey Mark,,,,Flickr,Edit,
3996,GN07 DMV,2007,EURO IV,85,9:39,ADL Enviro200,Arriva Interurban,,,,Flickr,Edit,
1637,GN57 BNX,2007,EURO IV,164,10:02,ADL Enviro200,Arriva Interurban,,,,Flickr,Edit,
1638,GN57 BNY,2007,EURO IV,100,6/17/22 18:51,ADL Enviro200,Arriva Interurban,,,,Flickr,Edit,
1639,GN57 BNZ,2007,EURO IV,145,9:23,ADL Enviro200,Arriva Interurban,,,,Flickr,Edit,
1640,GN57 BOF,2007,EURO IV,133,9:30,ADL Enviro200,Arriva Interurban,,,,Flickr,Edit,
1641,GN57 BOH,2007,EURO IV,190,9:11,ADL Enviro200,Arriva Journey Mark,,,,Flickr,Edit,
1642,GN57 BOJ,2007,EURO IV,145,9:53,ADL Enviro200,Arriva Journey Mark,,,,Flickr,Edit,
4007,LX56 DZW,2006,EURO IV,145,9:43,ADL Enviro200,Arriva Journey Mark,,,,Flickr,Edit,
4006,LX56 DZY,2006,EURO IV,191,9:42,ADL Enviro200,Arriva Journey Mark,,,,Flickr,Edit,
4005,LX56 DZZ,2006,EURO IV,190,8/2/22 8:37,ADL Enviro200,Arriva Journey Mark,,,,Flickr,Edit,
6146,TUI 7939,2006,EURO IV,8,9:52,Volvo B7TL Wright Eclipse Gemini,Arriva Sapphire old,,FJ56 OBG,power sockets,Flickr,Edit,
6147,TUI 7940,2006,EURO IV,9,9:53,Volvo B7TL Wright Eclipse Gemini,Arriva Sapphire old,,FJ56 OBH,power sockets,Flickr,Edit,
6150,UUI 2905,2006,EURO IV,7,9:36,Volvo B7TL Wright Eclipse Gemini,Arriva Interurban,,FJ56 OBM,,Flickr,Edit,
6151,UUI 2906,2006,EURO IV,7,7:48,Volvo B7TL Wright Eclipse Gemini,Arriva Interurban,,FJ56 OBN,,Flickr,Edit,
6149,UUI 2907,2006,EURO IV,12,9:45,Volvo B7TL Wright Eclipse Gemini,Arriva Interurban,,FJ56 OBL,,Flickr,Edit,
6148,UUI 2908,2006,EURO IV,7,7:54,Volvo B7TL Wright Eclipse Gemini,Arriva Interurban,,FJ56 OBK,,Flickr,Edit,
6237,YJ57 BKD,2007,EURO IV,219,8:12,VDL/DAF DB250 East Lancs Myllennium Lowlander,Arriva Interurban,,,,Flickr,Edit,
6238,YJ57 BKE,2007,EURO IV,6,7/30/22 17:30,VDL/DAF DB250 East Lancs Myllennium Lowlander,Arriva Interurban,,,,Flickr,Edit,
1523,YK07 BCZ,2007,EURO IV,218,9:34,Optare Solo,Arriva Journey Mark,,,,Flickr,Edit,
3906,BD12 DHO,2012,EURO V,402,9:26,Mercedes-Benz Citaro O530,Arriva Journey Mark,Andy Ramsden,,,Flickr,Edit,
3908,BD12 DHU,2012,EURO V,RRTW,6:42,Mercedes-Benz Citaro O530,Arriva pride,,,,Flickr,Edit,
6200,FJ08 LVL,2008,EURO V,774,7/22/22 17:10,Volvo B9TL Wright Eclipse Gemini,Arriva Journey Mark,,,USB power,Flickr,Edit,
6201,FJ08 LVR,2008,EURO V,,,Volvo B9TL Wright Eclipse Gemini,Arriva Sapphire old,,,power sockets,Flickr,Edit,
6203,FJ08 LVT,2008,EURO V,6,8:57,Volvo B9TL Wright Eclipse Gemini,Arriva Sapphire old,Ken D'Souza,,"power sockets, USB power",Flickr,Edit,
6205,FJ58 KXG,2008,EURO V,7,5/7/22 11:40,Volvo B9TL Wright Eclipse Gemini,Arriva Sapphire old,,,power sockets,Flickr,Edit,
4046,GN09 AWX,2009,EURO V,182,9:13,ADL Enviro200,Arriva Interurban,,,,Flickr,Edit,
4048,GN09 AWZ,2009,EURO V,85,9:15,ADL Enviro200,Arriva Interurban,,,,Flickr,Edit,
4050,GN09 AXB,2009,EURO V,334,9:20,ADL Enviro200,Arriva Interurban,,,,Flickr,Edit,
4051,GN09 AXC,2009,EURO V,182,9:59,ADL Enviro200,Arriva Interurban,,,,Flickr,Edit,
4054,GN09 AXG,2009,EURO V,191,9:02,ADL Enviro200,Arriva Interurban,,,,Flickr,Edit,
4055,GN09 AXH,2009,EURO V,72,9:30,ADL Enviro200,Arriva Interurban,,,,Flickr,Edit,
4056,GN09 AXJ,2009,EURO V,3,10:02,ADL Enviro200,Arriva Journey Mark,,,,Flickr,Edit,
4057,GN09 AXK,2009,EURO V,X2,8:20,ADL Enviro200,Arriva Cotswold Stone,,,,Flickr,Edit,
4058,GN09 AXM,2009,EURO V,182,9:38,ADL Enviro200,Arriva Cotswold Stone,,,,Flickr,Edit,
4059,GN09 AXO,2009,EURO V,140,9:27,ADL Enviro200,Arriva Cotswold Stone,,,,Flickr,Edit,
4013,GN58 BTV,2008,EURO V,575,7/1/22 7:04,ADL Enviro200,Arriva Journey Mark,,,,Flickr,Edit,
4014,GN58 BTX,2008,EURO V,7,7/10/22 12:16,ADL Enviro200,Arriva Interurban,,,,Flickr,Edit,
4060,GN59 FVB,2009,EURO V,182,9:48,ADL Enviro200,Arriva Interurban,,,,Flickr,Edit,
4061,GN59 FVC,2009,EURO V,132,8:38,ADL Enviro200,Arriva Interurban,,,,Flickr,Edit,
4062,GN59 FVD,2009,EURO V,82,10:00,ADL Enviro200,Arriva Interurban,,,,Flickr,Edit,
4063,GN59 FVE,2009,EURO V,334,9:20,ADL Enviro200,Arriva Interurban,,,,Flickr,Edit,
4064,GN59 FVF,2009,EURO V,3,9:42,ADL Enviro200,Arriva Interurban,,,,Flickr,Edit,
4065,GN59 FVG,2009,EURO V,72,9:32,ADL Enviro200,Arriva Interurban,,,,Flickr,Edit,
4066,GN59 FVH,2009,EURO V,89,9:49,ADL Enviro200,Arriva Interurban,,,,Flickr,Edit,
4224,GN62 HMY,2012,EURO V,177,9:16,Wright StreetLite DF,Arriva Journey Mark,,,,Flickr,Edit,
4219,KX12 GZD,2012,EURO V,116,8/2/22 8:09,Wright StreetLite DF,Arriva Journey Mark,,,,Flickr,Edit,
4220,KX12 GZE,2012,EURO V,190,8/2/22 8:12,Wright StreetLite DF,Arriva Journey Mark,,,,Flickr,Edit,
4221,KX12 GZF,2012,EURO V,132,9:30,Wright StreetLite DF,Arriva Journey Mark,,,,Flickr,Edit,
4222,KX12 GZG,2012,EURO V,177,9:39,Wright StreetLite DF,Arriva Journey Mark,,,,Flickr,Edit,
4223,KX12 GZH,2012,EURO V,1,9:46,Wright StreetLite DF,Arriva Journey Mark,,,,Flickr,Edit,
1653,KX61 LCW,2011,EURO V,176,8:47,Wright StreetLite DF,Arriva Journey Mark,,,,Flickr,Edit,
1650,KX61 LFO,2011,EURO V,166,9:40,Wright StreetLite DF,Arriva Journey Mark,,,,Flickr,Edit,
1652,KX61 LFP,2011,EURO V,166,9:50,Wright StreetLite DF,Arriva Journey Mark,,,,Flickr,Edit,
1651,KX61 LFR,2011,EURO V,177,9:54,Wright StreetLite DF,Arriva Journey Mark,,,,Flickr,Edit,
4218,KX61 LFS,2011,EURO V,402,9:56,Optare Versa,Arriva Journey Mark,,,,Flickr,Edit,
1654,KX61 LHW,2011,EURO V,164,9:42,Wright StreetLite DF,Arriva Journey Mark,,,,Flickr,Edit,
T83,LJ59 AAE,2009,EURO V,,,ADL Enviro400,Arriva Training Bus,,,,,,
4464,MX61 AXD,2011,EURO V,79,9:53,VDL DB300 Wright Gemini 2,Arriva Journey Mark,,,,Flickr,Edit,
4469,MX61 AXK,2011,EURO V,9,7/14/22 7:10,VDL DB300 Wright Gemini 2,Arriva Journey Mark,,,,Flickr,Edit,
4470,MX61 AXM,2011,EURO V,12,9:32,VDL DB300 Wright Gemini 2,Arriva Journey Mark,,,,Flickr,Edit,
4471,MX61 AXN,2011,EURO V,7,6/29/22 7:54,VDL DB300 Wright Gemini 2,Arriva Journey Mark,,,,Flickr,Edit,
4455,MX61 AXS,2011,EURO V,71,9:50,VDL DB300 Wright Gemini 2,Arriva Journey Mark,,,,Flickr,Edit,
4460,MX61 AXY,2011,EURO V,71,9:49,VDL DB300 Wright Gemini 2,Arriva Journey Mark,,,,Flickr,Edit,
4463,MX61 AYB,2011,EURO V,12,9:15,VDL DB300 Wright Gemini 2,Arriva Journey Mark,,,,Flickr,Edit,
4450,MX61 AYJ,2011,EURO V,3,7/13/22 11:42,VDL DB300 Wright Gemini 2,Arriva Journey Mark,,,,Flickr,Edit,
4452,MX61 AYL,2011,EURO V,7,8:35,VDL DB300 Wright Gemini 2,Arriva Journey Mark,,,,Flickr,Edit,
6471,SN58 EOA,2008,EURO V,101,9:36,ADL Enviro400,Arriva Journey Mark,,,USB power,Flickr,Edit,
6472,SN58 EOB,2008,EURO V,101,9:41,ADL Enviro400,Arriva Journey Mark,,,,Flickr,Edit,
1522,YJ09 OTY,2009,EURO V,219,9:16,Optare Solo,Arriva Journey Mark,,,,Flickr,Edit,
1518,YJ11 OHK,2011,EURO V,219,8/1/22 20:29,Optare Solo,Arriva Interurban,,,,Flickr,Edit,
1519,YJ58 CCF,2008,EURO V,211,7/28/22 8:26,Optare Solo SR,Arriva Journey Mark,Eddie Baldwin,,,Flickr,Edit,
1503,YJ58 CEF,2008,EURO V,281,7/29/22 18:48,Optare Solo SR,Arriva Journey Mark,,,,Flickr,Edit,
1524,YK08 ERO,2008,EURO V,211,9:32,Optare Solo,Arriva Journey Mark,,,,Flickr,Edit,
1526,YK08 ETA,2008,EURO V,277,10:06,Optare Solo,Arriva Journey Mark,,,,Flickr,Edit,
4279,GN14 DXX,2014,EURO VI,82,9:46,Wright StreetLite DF,Arriva Journey Mark,,,,Flickr,Edit,
4280,GN14 DXY,2014,EURO VI,334,8:50,Wright StreetLite DF,Arriva Journey Mark,,,,Flickr,Edit,
4281,GN14 DXZ,2014,EURO VI,120,9:38,Wright StreetLite DF,Arriva Journey Mark,,,,Flickr,Edit,
4282,GN14 DYA,2014,EURO VI,85,9:51,Wright StreetLite DF,Arriva Journey Mark,,,,Flickr,Edit,
4283,GN14 DYB,2014,EURO VI,3,9:46,Wright StreetLite DF,Arriva Journey Mark,,,,Flickr,Edit,
4284,GN14 DYC,2014,EURO VI,85,9:52,Wright StreetLite DF,Arriva Journey Mark,,,,Flickr,Edit,
1655,GN14 DYJ,2014,EURO VI,182,9:49,Wright StreetLite DF,Arriva Journey Mark,,,,Flickr,Edit,
4263,GN14 DYP,2014,EURO VI,133,9:45,Wright StreetLite DF,Arriva Journey Mark,,,,Flickr,Edit,
4289,GN15 CWG,2015,EURO VI,190,10:00,Wright StreetLite DF,Arriva Journey Mark,,,power sockets,Flickr,Edit,
4290,GN15 CWJ,2015,EURO VI,700,9:47,Wright StreetLite DF,Arriva Journey Mark,,,power sockets,Flickr,Edit,
4291,GN15 CWK,2015,EURO VI,190,8:37,Wright StreetLite DF,Arriva Journey Mark,,,power sockets,Flickr,Edit,
4292,GN15 CWL,2015,EURO VI,176,9:05,Wright StreetLite DF,Arriva Journey Mark,,,power sockets,Flickr,Edit,
4293,GN15 CWM,2015,EURO VI,166,9:24,Wright StreetLite DF,Arriva Journey Mark,,,power sockets,Flickr,Edit,
4294,GN15 CWO,2015,EURO VI,85,8/2/22 12:51,Wright StreetLite DF,Arriva Journey Mark,,,power sockets,Flickr,Edit,
4295,GN15 CWP,2015,EURO VI,3,7/4/22 7:07,Wright StreetLite DF,Arriva Journey Mark,,,power sockets,Flickr,Edit,
4296,GN15 CWR,2015,EURO VI,X1,9:00,Wright StreetLite DF,Arriva Journey Mark,,,power sockets,Flickr,Edit,
4297,GN15 CWT,2015,EURO VI,82,10:10,Wright StreetLite DF,Arriva Journey Mark,,,power sockets,Flickr,Edit,
4298,GN15 CWU,2015,EURO VI,700,9:43,Wright StreetLite DF,Arriva Journey Mark,,,power sockets,Flickr,Edit,
4299,GN15 CWV,2015,EURO VI,173,10:02,Wright StreetLite DF,Arriva Journey Mark,,,power sockets,Flickr,Edit,
4300,GN15 CWW,2015,EURO VI,176,9:09,Wright StreetLite DF,Arriva Journey Mark,,,power sockets,Flickr,Edit,
4308,GN15 CXE,2015,EURO VI,176,8:41,Wright StreetLite DF,Arriva Journey Mark,,,power sockets,Flickr,Edit,
4309,GN15 CXF,2015,EURO VI,176,9:30,Wright StreetLite DF,Arriva Journey Mark,,,power sockets,Flickr,Edit,
4310,GN15 CXG,2015,EURO VI,190,9:00,Wright StreetLite DF,Arriva Journey Mark,,,power sockets,Flickr,Edit,
4311,GN15 CXH,2015,EURO VI,116,9:12,Wright StreetLite DF,Arriva Journey Mark,,,power sockets,Flickr,Edit,
4312,GN15 CXJ,2015,EURO VI,182,10:29,Wright StreetLite DF,Arriva Journey Mark,,,power sockets,Flickr,Edit,
4313,GN15 CXK,2015,EURO VI,190,9:40,Wright StreetLite DF,Arriva Journey Mark,,,power sockets,Flickr,Edit,
4314,GN15 CXL,2015,EURO VI,176,10:07,Wright StreetLite DF,Arriva Journey Mark,,,power sockets,Flickr,Edit,
4315,GN15 CXM,2015,EURO VI,2,10:48,Wright StreetLite DF,Arriva Journey Mark,,,power sockets,Flickr,Edit,
4316,GN15 CXO,2015,EURO VI,166,23:40,Wright StreetLite DF,Arriva Journey Mark,,,power sockets,Flickr,Edit,
4317,GN15 CXP,2015,EURO VI,166,8/2/22 15:30,Wright StreetLite DF,Arriva Journey Mark,,,power sockets,Flickr,Edit,
4318,GN15 CXR,2015,EURO VI,116,10:12,Wright StreetLite DF,Arriva Journey Mark,,,power sockets,Flickr,Edit,
4319,GN15 CXS,2015,EURO VI,191,9:11,Wright StreetLite DF,Arriva Journey Mark,,,power sockets,Flickr,Edit,
4264,GN64 DXE,2014,EURO VI,166,4/26/22 18:23,Wright StreetLite DF,Arriva Journey Mark,,,power sockets,Flickr,Edit,
4265,GN64 DXF,2014,EURO VI,177,9:33,Wright StreetLite DF,Arriva Journey Mark,,,power sockets,Flickr,Edit,
4266,GN64 DXG,2014,EURO VI,166,8:28,Wright StreetLite DF,Arriva Journey Mark,,,power sockets,Flickr,Edit,
4267,GN64 DXH,2014,EURO VI,116,9:51,Wright StreetLite DF,Arriva Journey Mark,,,power sockets,Flickr,Edit,
4268,GN64 DXJ,2014,EURO VI,132,9:30,Wright StreetLite DF,Arriva Journey Mark,,,power sockets,Flickr,Edit,
4269,GN64 DXK,2014,EURO VI,182,7/28/22 18:13,Wright StreetLite DF,Arriva Journey Mark,,,power sockets,Flickr,Edit,
4270,GN64 DXL,2014,EURO VI,132,9:54,Wright StreetLite DF,Arriva Journey Mark,,,power sockets,Flickr,Edit,
4271,GN64 DXM,2014,EURO VI,132,7/29/22 10:18,Wright StreetLite DF,Arriva Journey Mark,,,power sockets,Flickr,Edit,
4272,GN64 DXO,2014,EURO VI,700,10:03,Wright StreetLite DF,Arriva Journey Mark,,,"USB power, power sockets",Flickr,Edit,
4273,GN64 DXP,2014,EURO VI,116,9:21,Wright StreetLite DF,Arriva Journey Mark,Ivy Woolcock,,"USB power, power sockets",Flickr,Edit,
4261,GN64 DXR,2014,EURO VI,191,10:03,Wright StreetLite DF,Arriva Journey Mark,,,,Flickr,Edit,
1656,GN64 DXT,2014,EURO VI,281,9:28,Wright StreetLite WF,Arriva Journey Mark,,,,Flickr,Edit,
1657,GN64 DXU,2014,EURO VI,281,9:44,Wright StreetLite WF,Arriva Journey Mark,,,,Flickr,Edit,
1658,GN64 DXV,2014,EURO VI,277,8/1/22 23:15,Wright StreetLite WF,Arriva Journey Mark,,,,Flickr,Edit,
1659,GN64 DXW,2014,EURO VI,281,9:37,Wright StreetLite WF,Arriva Journey Mark,,,,Flickr,Edit,
1660,GN64 DXX,2014,EURO VI,281,7:58,Wright StreetLite WF,Arriva Journey Mark,Stephen Dalley,,,Flickr,Edit,
1661,GN64 DXY,2014,EURO VI,277,9:58,Wright StreetLite WF,Arriva Journey Mark,,,,Flickr,Edit,
4233,KX13 DHC,2013,EURO VI,6,8/2/22 19:37,Optare Versa,Arriva Journey Mark,,,,Flickr,Edit,
4234,KX13 DHD,2013,EURO VI,402,9:55,Optare Versa,Arriva Journey Mark,,,,Flickr,Edit,
4071,SK15 GXR,2015,EURO VI,82,9:58,ADL Enviro200,Arriva Journey Mark,Saint Helena,,,Flickr,Edit,
4072,SK15 GXS,2015,EURO VI,334,8:48,ADL Enviro200,Arriva Journey Mark,,,,Flickr,Edit,
4073,SK15 GXT,2015,EURO VI,89,6:31,ADL Enviro200,Arriva Journey Mark,,,,Flickr,Edit,
4074,SK15 GXU,2015,EURO VI,82,7/28/22 11:48,ADL Enviro200,Arriva Journey Mark,,,,Flickr,Edit,
4075,SK15 GXV,2015,EURO VI,89,9:45,ADL Enviro200,Arriva Journey Mark,,,,Flickr,Edit,
6479,SN15 LNJ,2015,EURO VI,101,7/30/22 10:00,ADL Enviro400,Arriva Journey Mark,,,"USB power, power sockets",Flickr,Edit,
6480,SN15 LNK,2015,EURO VI,166,8/2/22 17:53,ADL Enviro400,Arriva Journey Mark,,,"power sockets, USB power",Flickr,Edit,
6481,SN15 LNM,2015,EURO VI,101,9:53,ADL Enviro400,Arriva Journey Mark,,,"USB power, power sockets",Flickr,Edit,
6482,SN15 LNO,2015,EURO VI,101,9:29,ADL Enviro400,Arriva Journey Mark,,,"USB power, power sockets",Flickr,Edit,
6483,SN15 LNP,2015,EURO VI,101,8:48,ADL Enviro400,Arriva Journey Mark,,,"USB power, power sockets",Flickr,Edit,
6484,SN15 LNR,2015,EURO VI,101,9:12,ADL Enviro400,Arriva Journey Mark,,,"power sockets, USB power",Flickr,Edit,
4106,SN17 MXE,2017,EURO VI,6X,9:30,ADL Enviro200 MMC,Arriva Journey Mark,,,USB power,Flickr,Edit,
4108,SN17 MXG,2017,EURO VI,6X,8/2/22 20:45,ADL Enviro200 MMC,Arriva Journey Mark,Ian Stevens,,USB power,Flickr,Edit,
6516,SN66 WJO,2016,EURO VI,5,7/29/22 6:39,ADL Enviro400 MMC,Arriva Journey Mark,,,USB power,Flickr,Edit,
4120,SN67 WUJ,2017,EURO VI,71,9:30,ADL Enviro200 MMC,Arriva Journey Mark,,,USB power,Flickr,Edit,
4121,SN67 WUK,2017,EURO VI,9,9:45,ADL Enviro200 MMC,Arriva Journey Mark,,,USB power,Flickr,Edit,
4126,SN67 WUR,2017,EURO VI,334,9:49,ADL Enviro200 MMC,Arriva Journey Mark,,,USB power,Flickr,Edit,
6520,YX17 NEN,2017,EURO VI,334,9:50,ADL Enviro400 MMC,Arriva Journey Mark,,,USB power,Flickr,Edit,
6521,YX17 NEO,2017,EURO VI,71,9:10,ADL Enviro400 MMC,Arriva Journey Mark,,,USB power,Flickr,Edit,
6522,YX17 NEU,2017,EURO VI,12,9:07,ADL Enviro400 MMC,Arriva Journey Mark,,,USB power,Flickr,Edit,
6528,YX17 NFF,2017,EURO VI,191,8/2/22 16:28,ADL Enviro400 MMC,Arriva Sapphire,320,,,USB power,Flickr,Edit
6473,YY14 WFV,2014,EURO VI,101,22:40,ADL Enviro400,Arriva Journey Mark,,,"USB power, power sockets",Flickr,Edit,
6474,YY14 WFW,2014,EURO VI,101,23:12,ADL Enviro400,Arriva Journey Mark,,,"power sockets, USB power",Flickr,Edit,
6475,YY14 WFX,2014,EURO VI,700,7/27/22 12:27,ADL Enviro400,Arriva Journey Mark,,,"USB power, power sockets",Flickr,Edit,
6476,YY14 WFZ,2014,EURO VI,101,9:15,ADL Enviro400,Arriva Journey Mark,,,"power sockets, USB power",Flickr,Edit,
6477,YY14 WGA,2014,EURO VI,101,9:24,ADL Enviro400,Arriva Journey Mark,,,"power sockets, USB power",Flickr,Edit,
6478,YY14 WGC,2014,EURO VI,101,10:00,ADL Enviro400,Arriva Journey Mark,,,"power sockets, USB power",Flickr,Edit,
6493,YY16 YLD,2016,EURO VI,7,8/2/22 16:44,ADL Enviro400 MMC,Arriva Journey Mark,,,USB power,Flickr,Edit,
